{
    "Xingwang Li": 0.004884167725834575,
    "Ting Yu": 0.004713230194928313,
    "Yuan Wei": 0.004713230194928313,
    "George F. Gao": 0.004611706550256399,
    "Xiaoying Gu": 0.004587762558219736,
    "Bin Cao": 0.004587762558219736,
    "Hui Li": 0.004587762558219736,
    "Guohui Fan": 0.004587762558219736,
    "Jiuyang Xu": 0.004587762558219736,
    "Yeming Wang": 0.004587762558219736,
    "Li Zhang": 0.004533482324805614,
    "Zhenshun Cheng": 0.004505229877586104,
    "Bo Yang": 0.0044821315641337825,
    "Hong Gao": 0.0044686763383410015,
    "Guangfa Wang": 0.00440762184042998,
    "Wenjuan Wu": 0.00440762184042998,
    "Jiaan Xia": 0.00440762184042998,
    "Wen Yin": 0.00440762184042998,
    "Min Liu": 0.00440762184042998,
    "Yan Xiao": 0.00440762184042998
}